sample_id	r1	r2	r1_md5	r2_md5
S1	/data/p252701008/projects/multi-omics-data-pipelines/tss/resources/裂殖壶菌原始数据-BYT2025041001/Sample_WH25005593-BY20250509-3-S1-BY2105/WH25005593-BY20250509-3-S1-BY2105_combined_R1.fastq.gz	/data/p252701008/projects/multi-omics-data-pipelines/tss/resources/裂殖壶菌原始数据-BYT2025041001/Sample_WH25005593-BY20250509-3-S1-BY2105/WH25005593-BY20250509-3-S1-BY2105_combined_R2.fastq.gz	/data/p252701008/projects/multi-omics-data-pipelines/tss/resources/裂殖壶菌原始数据-BYT2025041001/Sample_WH25005593-BY20250509-3-S1-BY2105/WH25005593-BY20250509-3-S1-BY2105_combined_R1.fastq.gz.md5	/data/p252701008/projects/multi-omics-data-pipelines/tss/resources/裂殖壶菌原始数据-BYT2025041001/Sample_WH25005593-BY20250509-3-S1-BY2105/WH25005593-BY20250509-3-S1-BY2105_combined_R2.fastq.gz.md5
S2	/data/p252701008/projects/multi-omics-data-pipelines/tss/resources/裂殖壶菌原始数据-BYT2025041001/Sample_WH25005593-BY20250509-3-S2-BY2105/WH25005593-BY20250509-3-S2-BY2105_combined_R1.fastq.gz	/data/p252701008/projects/multi-omics-data-pipelines/tss/resources/裂殖壶菌原始数据-BYT2025041001/Sample_WH25005593-BY20250509-3-S2-BY2105/WH25005593-BY20250509-3-S2-BY2105_combined_R2.fastq.gz	/data/p252701008/projects/multi-omics-data-pipelines/tss/resources/裂殖壶菌原始数据-BYT2025041001/Sample_WH25005593-BY20250509-3-S2-BY2105/WH25005593-BY20250509-3-S2-BY2105_combined_R1.fastq.gz.md5	/data/p252701008/projects/multi-omics-data-pipelines/tss/resources/裂殖壶菌原始数据-BYT2025041001/Sample_WH25005593-BY20250509-3-S2-BY2105/WH25005593-BY20250509-3-S2-BY2105_combined_R2.fastq.gz.md5
S3	/data/p252701008/projects/multi-omics-data-pipelines/tss/resources/裂殖壶菌原始数据-BYT2025041001/Sample_WH25005593-BY20250509-3-S3-BY2105/WH25005593-BY20250509-3-S3-BY2105_combined_R1.fastq.gz	/data/p252701008/projects/multi-omics-data-pipelines/tss/resources/裂殖壶菌原始数据-BYT2025041001/Sample_WH25005593-BY20250509-3-S3-BY2105/WH25005593-BY20250509-3-S3-BY2105_combined_R2.fastq.gz	/data/p252701008/projects/multi-omics-data-pipelines/tss/resources/裂殖壶菌原始数据-BYT2025041001/Sample_WH25005593-BY20250509-3-S3-BY2105/WH25005593-BY20250509-3-S3-BY2105_combined_R1.fastq.gz.md5	/data/p252701008/projects/multi-omics-data-pipelines/tss/resources/裂殖壶菌原始数据-BYT2025041001/Sample_WH25005593-BY20250509-3-S3-BY2105/WH25005593-BY20250509-3-S3-BY2105_combined_R2.fastq.gz.md5
S4	/data/p252701008/projects/multi-omics-data-pipelines/tss/resources/裂殖壶菌原始数据-BYT2025041001/Sample_WH25005593-BY20250509-3-S4-BY2105/WH25005593-BY20250509-3-S4-BY2105_combined_R1.fastq.gz	/data/p252701008/projects/multi-omics-data-pipelines/tss/resources/裂殖壶菌原始数据-BYT2025041001/Sample_WH25005593-BY20250509-3-S4-BY2105/WH25005593-BY20250509-3-S4-BY2105_combined_R2.fastq.gz	/data/p252701008/projects/multi-omics-data-pipelines/tss/resources/裂殖壶菌原始数据-BYT2025041001/Sample_WH25005593-BY20250509-3-S4-BY2105/WH25005593-BY20250509-3-S4-BY2105_combined_R1.fastq.gz.md5	/data/p252701008/projects/multi-omics-data-pipelines/tss/resources/裂殖壶菌原始数据-BYT2025041001/Sample_WH25005593-BY20250509-3-S4-BY2105/WH25005593-BY20250509-3-S4-BY2105_combined_R2.fastq.gz.md5
S5	/data/p252701008/projects/multi-omics-data-pipelines/tss/resources/裂殖壶菌原始数据-BYT2025041001/Sample_WH25005593-BY20250509-3-S5-BY2105/WH25005593-BY20250509-3-S5-BY2105_combined_R1.fastq.gz	/data/p252701008/projects/multi-omics-data-pipelines/tss/resources/裂殖壶菌原始数据-BYT2025041001/Sample_WH25005593-BY20250509-3-S5-BY2105/WH25005593-BY20250509-3-S5-BY2105_combined_R2.fastq.gz	/data/p252701008/projects/multi-omics-data-pipelines/tss/resources/裂殖壶菌原始数据-BYT2025041001/Sample_WH25005593-BY20250509-3-S5-BY2105/WH25005593-BY20250509-3-S5-BY2105_combined_R1.fastq.gz.md5	/data/p252701008/projects/multi-omics-data-pipelines/tss/resources/裂殖壶菌原始数据-BYT2025041001/Sample_WH25005593-BY20250509-3-S5-BY2105/WH25005593-BY20250509-3-S5-BY2105_combined_R2.fastq.gz.md5
S6	/data/p252701008/projects/multi-omics-data-pipelines/tss/resources/裂殖壶菌原始数据-BYT2025041001/Sample_WH25005593-BY20250509-3-S6-BY2105/WH25005593-BY20250509-3-S6-BY2105_combined_R1.fastq.gz	/data/p252701008/projects/multi-omics-data-pipelines/tss/resources/裂殖壶菌原始数据-BYT2025041001/Sample_WH25005593-BY20250509-3-S6-BY2105/WH25005593-BY20250509-3-S6-BY2105_combined_R2.fastq.gz	/data/p252701008/projects/multi-omics-data-pipelines/tss/resources/裂殖壶菌原始数据-BYT2025041001/Sample_WH25005593-BY20250509-3-S6-BY2105/WH25005593-BY20250509-3-S6-BY2105_combined_R1.fastq.gz.md5	/data/p252701008/projects/multi-omics-data-pipelines/tss/resources/裂殖壶菌原始数据-BYT2025041001/Sample_WH25005593-BY20250509-3-S6-BY2105/WH25005593-BY20250509-3-S6-BY2105_combined_R2.fastq.gz.md5
S7	/data/p252701008/projects/multi-omics-data-pipelines/tss/resources/裂殖壶菌原始数据-BYT2025041001/Sample_WH25005593-BY20250509-3-S7-BY2105/WH25005593-BY20250509-3-S7-BY2105_combined_R1.fastq.gz	/data/p252701008/projects/multi-omics-data-pipelines/tss/resources/裂殖壶菌原始数据-BYT2025041001/Sample_WH25005593-BY20250509-3-S7-BY2105/WH25005593-BY20250509-3-S7-BY2105_combined_R2.fastq.gz	/data/p252701008/projects/multi-omics-data-pipelines/tss/resources/裂殖壶菌原始数据-BYT2025041001/Sample_WH25005593-BY20250509-3-S7-BY2105/WH25005593-BY20250509-3-S7-BY2105_combined_R1.fastq.gz.md5	/data/p252701008/projects/multi-omics-data-pipelines/tss/resources/裂殖壶菌原始数据-BYT2025041001/Sample_WH25005593-BY20250509-3-S7-BY2105/WH25005593-BY20250509-3-S7-BY2105_combined_R2.fastq.gz.md5
S8	/data/p252701008/projects/multi-omics-data-pipelines/tss/resources/裂殖壶菌原始数据-BYT2025041001/Sample_WH25005593-BY20250509-3-S8-BY2105/WH25005593-BY20250509-3-S8-BY2105_combined_R1.fastq.gz	/data/p252701008/projects/multi-omics-data-pipelines/tss/resources/裂殖壶菌原始数据-BYT2025041001/Sample_WH25005593-BY20250509-3-S8-BY2105/WH25005593-BY20250509-3-S8-BY2105_combined_R2.fastq.gz	/data/p252701008/projects/multi-omics-data-pipelines/tss/resources/裂殖壶菌原始数据-BYT2025041001/Sample_WH25005593-BY20250509-3-S8-BY2105/WH25005593-BY20250509-3-S8-BY2105_combined_R1.fastq.gz.md5	/data/p252701008/projects/multi-omics-data-pipelines/tss/resources/裂殖壶菌原始数据-BYT2025041001/Sample_WH25005593-BY20250509-3-S8-BY2105/WH25005593-BY20250509-3-S8-BY2105_combined_R2.fastq.gz.md5
S9	/data/p252701008/projects/multi-omics-data-pipelines/tss/resources/裂殖壶菌原始数据-BYT2025041001/Sample_WH25005593-BY20250509-3-S9-BY2105/WH25005593-BY20250509-3-S9-BY2105_combined_R1.fastq.gz	/data/p252701008/projects/multi-omics-data-pipelines/tss/resources/裂殖壶菌原始数据-BYT2025041001/Sample_WH25005593-BY20250509-3-S9-BY2105/WH25005593-BY20250509-3-S9-BY2105_combined_R2.fastq.gz	/data/p252701008/projects/multi-omics-data-pipelines/tss/resources/裂殖壶菌原始数据-BYT2025041001/Sample_WH25005593-BY20250509-3-S9-BY2105/WH25005593-BY20250509-3-S9-BY2105_combined_R1.fastq.gz.md5	/data/p252701008/projects/multi-omics-data-pipelines/tss/resources/裂殖壶菌原始数据-BYT2025041001/Sample_WH25005593-BY20250509-3-S9-BY2105/WH25005593-BY20250509-3-S9-BY2105_combined_R2.fastq.gz.md5
